,Country,Matches_Played,Substitution ,Mins,Goals,xG,xG Per Avg Match,Shots,OnTarget,Shots Per Avg Match,On Target Per Avg Match,Year
0,0,19,16,1849,11,6.62,0.34,48,20,2.47,1.03,2016
1,0,36,0,3129,16,11.86,0.36,88,41,2.67,1.24,2016
2,0,34,1,2940,28,23.21,0.75,120,57,3.88,1.84,2016
3,0,32,3,2842,13,14.06,0.47,117,42,3.91,1.4,2016
4,0,21,10,1745,13,10.65,0.58,50,23,2.72,1.25,2016
5,0,29,0,2634,25,24.68,0.89,162,60,5.84,2.16,2016
6,0,23,6,1967,11,13.25,0.64,69,34,3.33,1.64,2016
7,0,30,0,2694,13,13.33,0.47,105,42,3.7,1.48,2016
8,0,25,7,2354,19,13.88,0.56,78,37,3.15,1.49,2016
9,0,31,7,2904,11,8.25,0.27,64,26,2.09,0.85,2016
10,0,27,5,2480,16,15.92,0.61,85,45,3.26,1.72,2016
11,0,28,2,2340,14,7.14,0.29,93,38,3.78,1.54,2016
12,0,32,2,2910,37,26.65,0.87,179,76,5.84,2.48,2016
13,0,37,0,3361,13,8.49,0.24,82,32,2.32,0.9,2016
14,0,14,12,1392,15,9.67,0.66,55,30,3.75,2.05,2016
15,0,20,11,1735,11,7.85,0.43,44,23,2.41,1.26,2016
16,0,27,1,2102,12,8.41,0.38,69,29,3.12,1.31,2016
17,0,32,5,2984,12,11.62,0.37,99,42,3.15,1.34,2016
18,0,17,9,1633,10,8.08,0.47,50,26,2.91,1.51,2016
19,0,18,12,1690,10,3.91,0.22,32,15,1.8,0.84,2016
20,1,29,2,2567,15,11.62,0.43,80,50,2.96,1.85,2016
21,1,23,6,2054,12,8.0,0.37,43,28,1.99,1.3,2016
22,1,35,1,3294,22,19.76,0.57,136,98,3.92,2.83,2016
23,1,26,6,2648,15,15.05,0.54,90,61,3.23,2.19,2016
24,1,28,7,2671,28,21.65,0.77,148,102,5.26,3.63,2016
25,1,37,0,3247,16,11.62,0.34,117,75,3.42,2.19,2016
26,1,37,0,3276,14,11.38,0.33,86,57,2.49,1.65,2016
27,1,31,4,2633,12,8.04,0.29,65,42,2.35,1.52,2016
28,1,29,6,2764,12,12.22,0.42,76,35,2.61,1.2,2016
29,1,34,0,3188,24,19.13,0.57,109,52,3.25,1.55,2016
30,1,35,1,3308,13,11.49,0.33,99,65,2.84,1.87,2016
31,1,31,2,2585,12,9.25,0.34,70,48,2.57,1.76,2016
32,1,33,4,3194,29,30.6,0.91,178,99,5.29,2.94,2016
33,1,35,2,3031,18,13.08,0.41,147,81,4.61,2.54,2016
34,1,35,2,3030,12,13.71,0.43,112,70,3.51,2.19,2016
35,1,30,6,2737,16,7.78,0.27,81,51,2.81,1.77,2016
36,1,26,6,2228,13,14.07,0.6,56,39,2.39,1.66,2016
37,1,32,6,3138,24,17.84,0.54,134,91,4.06,2.75,2016
38,1,21,10,2033,16,7.7,0.36,70,48,3.27,2.24,2016
39,1,34,1,3241,26,19.45,0.57,130,78,3.81,2.29,2016
40,2,23,8,2315,8,6.34,0.26,42,29,1.72,1.19,2016
41,2,29,1,2673,11,8.44,0.3,68,50,2.42,1.78,2016
42,2,23,4,2028,11,5.76,0.27,62,33,2.9,1.55,2016
43,2,30,1,2695,11,12.2,0.43,65,35,2.29,1.23,2016
44,2,28,6,2449,15,13.41,0.52,99,60,3.84,2.33,2016
45,2,29,5,2477,11,10.69,0.41,79,56,3.03,2.15,2016
46,2,31,2,2871,30,30.52,1.01,143,86,4.73,2.85,2016
47,2,27,3,2420,8,5.86,0.23,49,32,1.92,1.26,2016
48,2,28,3,2496,21,12.61,0.48,74,50,2.82,1.9,2016
49,2,7,26,1351,10,9.24,0.65,52,33,3.66,2.32,2016
50,2,32,0,2772,12,12.84,0.44,72,46,2.47,1.58,2016
51,2,32,1,2950,16,18.32,0.59,84,45,2.71,1.45,2016
52,2,23,2,2000,9,6.11,0.29,53,34,2.52,1.62,2016
53,2,7,15,833,8,3.95,0.45,18,15,2.05,1.71,2016
54,2,31,1,2894,31,28.94,0.95,116,78,3.81,2.56,2016
55,2,17,1,1494,9,8.18,0.52,45,24,2.86,1.53,2016
56,2,23,0,2121,15,8.48,0.38,41,28,1.84,1.25,2016
57,2,20,6,1895,11,11.57,0.58,52,30,2.61,1.5,2016
58,2,34,0,3075,25,19.74,0.61,101,53,3.12,1.64,2016
59,2,21,5,1882,13,4.95,0.25,83,52,4.19,2.62,2016
60,4,36,2,3385,24,19.24,0.54,129,49,3.62,1.38,2016
61,4,36,1,3448,25,18.15,0.5,110,53,3.03,1.46,2016
62,4,29,1,2636,29,18.87,0.68,110,58,3.96,2.09,2016
63,4,33,2,2938,13,9.28,0.3,54,26,1.75,0.84,2016
64,4,36,0,3299,15,18.4,0.53,105,38,3.02,1.09,2016
65,4,26,9,2250,10,5.68,0.24,59,17,2.49,0.72,2016
66,4,36,0,3101,16,11.1,0.34,77,32,2.36,0.98,2016
67,4,34,1,3228,11,10.87,0.32,104,43,3.06,1.27,2016
68,4,26,1,2347,13,9.14,0.37,58,24,2.35,0.97,2016
69,4,28,3,2327,13,9.31,0.38,107,36,4.37,1.47,2016
70,4,35,0,3232,20,16.67,0.49,111,41,3.26,1.21,2016
71,4,35,2,3182,18,15.07,0.45,95,43,2.84,1.28,2016
72,4,25,6,2444,21,22.38,0.87,139,51,5.4,1.98,2016
73,4,37,0,3511,15,15.52,0.42,99,31,2.68,0.84,2016
74,4,28,5,2562,15,8.36,0.31,52,25,1.93,0.93,2016
75,4,29,0,2493,11,9.71,0.37,79,25,3.01,0.95,2016
76,4,27,1,2578,17,15.74,0.58,115,45,4.24,1.66,2016
77,4,11,18,1311,12,6.9,0.5,39,20,2.83,1.45,2016
78,4,23,11,2174,14,7.32,0.32,80,33,3.5,1.44,2016
79,4,31,5,2856,16,10.82,0.36,67,29,2.23,0.96,2016
80,3,34,0,2981,14,10.67,0.34,86,35,2.74,1.12,2016
81,3,30,3,2757,9,7.55,0.26,63,24,2.17,0.83,2016
82,3,26,4,2234,12,8.0,0.34,49,22,2.08,0.94,2016
83,3,19,7,1684,9,5.85,0.33,44,21,2.48,1.18,2016
84,3,26,1,2448,12,11.08,0.43,75,34,2.91,1.32,2016
85,3,19,12,2016,10,8.91,0.42,35,17,1.65,0.8,2016
86,3,22,9,2051,9,6.69,0.31,81,28,3.75,1.3,2016
87,3,32,1,2670,10,9.27,0.33,73,30,2.6,1.07,2016
88,3,27,0,2360,12,7.45,0.3,111,34,4.47,1.37,2016
89,3,29,2,2511,13,14.01,0.53,64,34,2.42,1.29,2016
90,3,19,2,1786,9,10.53,0.56,67,32,3.56,1.7,2016
91,3,35,0,3322,9,9.79,0.28,62,27,1.77,0.77,2016
92,3,13,13,1412,12,11.15,0.75,41,25,2.76,1.68,2016
93,3,30,1,2423,9,7.65,0.3,75,24,2.94,0.94,2016
94,3,32,2,3093,10,6.19,0.19,73,25,2.24,0.77,2016
95,3,33,1,2821,14,13.66,0.46,63,28,2.12,0.94,2016
96,3,23,1,2143,9,8.35,0.37,50,23,2.22,1.02,2016
97,3,19,12,2007,14,8.66,0.41,61,25,2.89,1.18,2016
98,3,22,3,2147,10,8.14,0.36,37,17,1.64,0.75,2016
99,3,20,0,1834,11,8.49,0.44,53,25,2.75,1.29,2016
100,0,26,7,2390,13,11.82,0.47,68,31,2.7,1.23,2017
101,0,30,2,2596,19,15.58,0.57,72,40,2.63,1.46,2017
102,0,33,1,3053,22,19.92,0.62,94,43,2.92,1.34,2017
103,0,20,6,1872,16,12.81,0.65,77,32,3.91,1.62,2017
104,0,31,6,2770,16,15.45,0.53,92,38,3.16,1.3,2017
105,0,32,1,3008,25,25.65,0.81,121,55,3.82,1.74,2017
106,0,23,8,2071,11,11.12,0.51,65,27,2.98,1.24,2017
107,0,32,4,3123,33,32.54,0.99,197,95,5.99,2.89,2017
108,0,35,1,3168,18,18.01,0.54,83,37,2.49,1.11,2017
109,0,31,4,2864,12,9.35,0.31,65,32,2.16,1.06,2017
110,0,32,2,2869,15,13.89,0.46,89,29,2.95,0.96,2017
111,0,23,10,2163,13,12.07,0.53,73,24,3.21,1.05,2017
112,0,27,0,2375,26,29.0,1.16,178,76,7.12,3.04,2017
113,0,35,2,3081,11,10.7,0.33,49,25,1.51,0.77,2017
114,0,38,0,3555,16,17.96,0.48,105,47,2.81,1.26,2017
115,0,32,1,2785,21,20.52,0.7,74,37,2.52,1.26,2017
116,0,30,5,2572,15,14.35,0.53,73,34,2.7,1.26,2017
117,0,17,15,1630,12,9.44,0.55,43,20,2.51,1.17,2017
118,0,35,0,3180,10,10.71,0.32,61,25,1.82,0.75,2017
119,0,28,5,2517,10,10.6,0.4,62,23,2.34,0.87,2017
120,1,38,0,3359,10,10.25,0.29,64,32,1.81,0.91,2017
121,1,33,2,3014,12,6.66,0.21,91,34,2.87,1.07,2017
122,1,24,7,2229,11,9.39,0.4,57,22,2.43,0.94,2017
123,1,26,7,2407,22,11.4,0.45,114,45,4.5,1.78,2017
124,1,32,3,2935,16,12.05,0.39,102,40,3.3,1.29,2017
125,1,28,5,2735,11,8.06,0.28,65,26,2.26,0.9,2017
126,1,33,2,2864,19,17.79,0.59,113,46,3.75,1.53,2017
127,1,32,2,2797,11,6.77,0.23,81,25,2.75,0.85,2017
128,1,33,1,2914,12,9.82,0.32,76,37,2.48,1.21,2017
129,1,29,3,2854,10,11.72,0.39,86,28,2.86,0.93,2017
130,1,21,10,2115,11,8.24,0.37,89,36,4.0,1.62,2017
131,1,36,2,3157,14,13.29,0.4,107,37,3.22,1.11,2017
132,1,37,0,3491,11,9.19,0.25,116,38,3.16,1.03,2017
133,1,33,3,3177,16,16.39,0.49,152,56,4.55,1.67,2017
134,1,31,2,2897,11,11.28,0.37,87,34,2.85,1.11,2017
135,1,33,0,2799,29,19.15,0.65,110,53,3.73,1.8,2017
136,1,35,3,3133,18,16.16,0.49,128,47,3.88,1.43,2017
137,1,34,0,3096,29,23.14,0.71,101,53,3.1,1.63,2017
138,1,26,3,2244,12,11.34,0.48,72,31,3.05,1.31,2017
139,1,34,3,2950,12,9.01,0.29,76,22,2.45,0.71,2017
140,2,24,6,2247,29,26.49,1.12,127,54,5.37,2.28,2017
141,2,26,8,2507,14,12.14,0.46,87,33,3.3,1.25,2017
142,2,24,8,2447,11,8.24,0.32,55,25,2.14,0.97,2017
143,2,27,4,2272,12,9.33,0.39,50,23,2.09,0.96,2017
144,2,33,1,3062,10,12.89,0.4,87,33,2.7,1.02,2017
145,2,14,11,1330,9,6.16,0.44,37,18,2.64,1.29,2017
146,2,20,2,1555,10,5.57,0.34,49,23,2.99,1.41,2017
147,2,22,12,2353,13,9.66,0.39,83,35,3.35,1.41,2017
148,2,24,8,2362,15,11.93,0.48,63,24,2.53,0.97,2017
149,2,18,7,1666,12,10.0,0.57,55,26,3.14,1.48,2017
150,2,28,4,2596,13,13.39,0.49,95,40,3.48,1.46,2017
151,2,25,5,2317,9,7.56,0.31,76,27,3.12,1.11,2017
152,2,26,4,2312,9,3.89,0.16,55,19,2.26,0.78,2017
153,2,22,0,1879,12,11.08,0.56,51,25,2.58,1.26,2017
154,2,19,8,1974,10,8.1,0.39,47,22,2.26,1.06,2017
155,2,24,7,2279,14,9.84,0.41,54,21,2.25,0.88,2017
156,2,30,2,2626,13,10.78,0.39,92,36,3.33,1.3,2017
157,2,26,8,2419,9,6.37,0.25,43,22,1.69,0.86,2017
158,2,30,1,2693,14,8.79,0.31,55,28,1.94,0.99,2017
159,2,16,0,1480,13,16.36,1.05,58,27,3.72,1.73,2017
160,3,19,1,1465,11,8.64,0.56,47,20,3.05,1.3,2017
161,3,34,0,2824,8,7.73,0.26,85,25,2.86,0.84,2017
162,3,14,18,1224,8,9.53,0.74,54,30,4.19,2.33,2017
163,3,19,0,1222,9,5.27,0.41,52,23,4.04,1.79,2017
164,3,21,7,1792,9,6.04,0.32,54,22,2.86,1.17,2017
165,3,30,3,2278,9,9.35,0.39,63,30,2.63,1.25,2017
166,3,27,2,1865,12,12.56,0.64,57,24,2.9,1.22,2017
167,3,23,0,1694,10,7.67,0.43,53,20,2.97,1.12,2017
168,3,34,0,2847,18,16.78,0.56,80,39,2.67,1.3,2017
169,3,30,3,2383,9,10.54,0.42,102,51,4.07,2.03,2017
170,3,28,0,2136,8,10.57,0.47,52,24,2.31,1.07,2017
171,3,23,3,1751,10,6.82,0.37,45,23,2.44,1.25,2017
172,3,24,3,2089,10,7.92,0.36,56,22,2.55,1.0,2017
173,3,26,1,1953,11,11.72,0.57,74,30,3.6,1.46,2017
174,3,37,0,2933,13,11.11,0.36,96,40,3.11,1.3,2017
175,3,32,0,2472,19,14.83,0.57,65,37,2.5,1.42,2017
176,3,35,0,2931,16,14.81,0.48,88,34,2.85,1.1,2017
177,3,21,5,1547,12,11.4,0.7,49,29,3.01,1.78,2017
178,3,27,3,2022,9,10.43,0.49,75,25,3.52,1.17,2017
179,3,21,12,1769,9,5.96,0.32,42,16,2.26,0.86,2017
180,0,35,1,3072,21,17.46,0.54,104,44,3.22,1.36,2018
181,0,33,2,3148,13,12.92,0.39,82,28,2.47,0.84,2018
182,0,26,1,2369,20,12.47,0.5,69,32,2.77,1.28,2018
183,0,27,7,2569,14,12.44,0.46,59,25,2.18,0.92,2018
184,0,36,2,3148,12,13.59,0.41,75,33,2.26,1.0,2018
185,0,30,2,2897,19,16.47,0.54,77,39,2.53,1.28,2018
186,0,20,14,2131,10,7.63,0.34,88,24,3.92,1.07,2018
187,0,32,1,2964,14,16.22,0.52,115,47,3.69,1.51,2018
188,0,31,2,2954,21,24.88,0.8,112,58,3.6,1.87,2018
189,0,23,8,1999,13,14.1,0.67,71,30,3.37,1.43,2018
190,0,28,3,2471,12,11.7,0.45,55,26,2.11,1.0,2018
191,0,30,3,2877,13,11.81,0.39,75,31,2.48,1.02,2018
192,0,36,1,3300,13,11.12,0.32,66,28,1.9,0.81,2018
193,0,37,0,3349,15,14.45,0.41,113,45,3.21,1.28,2018
194,0,35,2,3246,17,16.4,0.48,90,38,2.63,1.11,2018
195,0,29,5,2849,36,25.49,0.85,170,87,5.67,2.9,2018
196,0,28,10,2819,14,11.28,0.38,57,23,1.92,0.78,2018
197,0,17,17,1861,14,13.91,0.71,63,30,3.22,1.53,2018
198,0,31,4,2975,18,17.22,0.55,76,36,2.43,1.15,2018
199,0,35,2,3381,12,13.52,0.38,65,33,1.83,0.93,2018
200,1,27,8,2560,17,12.4,0.46,111,51,4.12,1.89,2018
201,1,32,5,3064,23,18.38,0.57,118,50,3.66,1.55,2018
202,1,24,4,2191,10,9.23,0.4,120,37,5.2,1.6,2018
203,1,30,1,2857,21,21.65,0.72,177,68,5.89,2.26,2018
204,1,31,5,3046,15,15.71,0.49,124,49,3.87,1.53,2018
205,1,37,0,3533,15,15.99,0.43,125,47,3.36,1.26,2018
206,1,37,0,3269,26,23.06,0.67,141,57,4.1,1.66,2018
207,1,23,2,2125,9,6.49,0.29,31,17,1.39,0.76,2018
208,1,28,5,2741,9,13.56,0.47,131,50,4.54,1.73,2018
209,1,35,1,3196,16,12.78,0.38,89,41,2.65,1.22,2018
210,1,23,2,2075,9,7.86,0.36,47,21,2.15,0.96,2018
211,1,23,8,2262,12,9.29,0.39,101,38,4.24,1.6,2018
212,1,38,0,3641,16,16.1,0.42,96,43,2.5,1.12,2018
213,1,31,1,2903,16,11.0,0.36,84,33,2.75,1.08,2018
214,1,26,10,2388,11,8.3,0.33,47,23,1.87,0.91,2018
215,1,23,12,2416,16,10.43,0.41,89,39,3.5,1.53,2018
216,1,23,5,2213,11,7.22,0.31,70,30,3.0,1.29,2018
217,1,27,3,2430,11,6.91,0.27,44,19,1.72,0.74,2018
218,1,24,5,2314,11,14.86,0.61,73,29,3.0,1.19,2018
219,1,34,3,3147,23,17.23,0.52,118,52,3.56,1.57,2018
220,2,28,2,2527,16,19.42,0.73,110,43,4.14,1.62,2018
221,2,28,6,2613,12,11.28,0.41,83,41,3.02,1.49,2018
222,2,33,1,3033,16,11.17,0.35,87,42,2.73,1.32,2018
223,2,25,7,2353,17,14.12,0.57,97,42,3.92,1.7,2018
224,2,23,5,2075,11,9.17,0.42,61,28,2.79,1.28,2018
225,2,26,8,2602,13,6.85,0.25,40,21,1.46,0.77,2018
226,2,17,1,1385,10,10.21,0.7,40,18,2.74,1.23,2018
227,2,30,2,2661,11,5.88,0.21,54,20,1.93,0.71,2018
228,2,11,15,1312,18,9.39,0.68,52,27,3.77,1.96,2018
229,2,29,1,2582,16,15.49,0.57,107,39,3.94,1.43,2018
230,2,19,11,1781,10,6.19,0.33,55,26,2.93,1.39,2018
231,2,32,2,2945,14,12.4,0.4,87,43,2.81,1.39,2018
232,2,33,1,3061,17,16.11,0.5,73,34,2.27,1.06,2018
233,2,20,8,1965,18,10.14,0.49,88,36,4.25,1.74,2018
234,2,27,0,2432,17,13.31,0.52,69,33,2.7,1.29,2018
235,2,29,5,2587,14,11.71,0.43,97,34,3.56,1.25,2018
236,2,23,6,2312,15,12.17,0.5,54,26,2.22,1.07,2018
237,2,32,0,2975,11,9.39,0.3,91,40,2.91,1.28,2018
238,2,33,0,3090,22,29.27,0.9,144,51,4.43,1.57,2018
239,2,27,4,2556,15,10.76,0.4,65,27,2.42,1.0,2018
240,5,28,2,2418,12,10.44,0.41,97,30,3.81,1.18,2018
241,5,32,5,2719,10,7.73,0.27,78,24,2.73,0.84,2018
242,5,37,1,3533,22,20.08,0.54,118,60,3.17,1.61,2018
243,5,16,3,1434,12,6.19,0.41,36,18,2.38,1.19,2018
244,5,35,3,3190,13,7.39,0.22,67,28,2.0,0.83,2018
245,5,19,10,1911,11,7.44,0.37,64,25,3.18,1.24,2018
246,5,16,1,1517,15,12.62,0.79,54,25,3.38,1.57,2018
247,5,20,1,1747,18,16.73,0.91,52,22,2.83,1.2,2018
248,5,31,1,2541,11,8.56,0.32,66,33,2.47,1.23,2018
249,5,36,0,3446,11,14.51,0.4,120,42,3.31,1.16,2018
250,5,30,3,2741,16,11.25,0.39,101,35,3.5,1.21,2018
251,5,24,5,2488,33,31.17,1.19,125,70,4.77,2.67,2018
252,5,32,0,3000,13,10.74,0.34,94,36,2.98,1.14,2018
253,5,29,4,2699,15,14.21,0.5,94,41,3.31,1.44,2018
254,5,36,1,3115,11,8.53,0.26,86,27,2.62,0.82,2018
255,5,36,0,3263,14,13.05,0.38,119,36,3.46,1.05,2018
256,5,21,12,2154,15,14.74,0.65,90,39,3.97,1.72,2018
257,5,29,7,2900,10,13.43,0.44,110,39,3.6,1.28,2018
258,5,21,14,2154,10,7.03,0.31,36,19,1.59,0.84,2018
259,5,29,8,2698,10,9.09,0.32,82,33,2.89,1.16,2018
260,4,38,0,3651,12,11.15,0.29,57,24,1.48,0.62,2018
261,4,34,1,3143,12,13.56,0.41,72,23,2.18,0.7,2018
262,4,34,1,3233,13,15.99,0.47,105,49,3.09,1.44,2018
263,4,37,1,3417,22,20.5,0.57,137,63,3.81,1.75,2018
264,4,26,11,2569,12,13.25,0.49,65,30,2.4,1.11,2018
265,4,30,8,2684,13,11.58,0.41,54,21,1.91,0.74,2018
266,4,32,3,2822,14,11.88,0.4,83,28,2.79,0.94,2018
267,4,35,1,3236,22,15.33,0.45,87,42,2.55,1.23,2018
268,4,29,1,2714,14,14.57,0.51,65,29,2.28,1.02,2018
269,4,23,8,2152,12,7.02,0.31,74,29,3.27,1.28,2018
270,4,27,1,2580,17,15.48,0.57,102,46,3.76,1.69,2018
271,4,31,2,2566,21,19.45,0.72,118,43,4.37,1.59,2018
272,4,32,5,3115,16,10.82,0.33,93,43,2.84,1.31,2018
273,4,30,6,2905,22,21.71,0.71,94,39,3.07,1.28,2018
274,4,36,2,3302,13,11.12,0.32,86,33,2.47,0.95,2018
275,4,31,3,2930,17,14.19,0.46,77,38,2.5,1.23,2018
276,4,30,4,2886,18,17.62,0.58,79,38,2.6,1.25,2018
277,4,34,3,3099,12,7.83,0.24,55,27,1.69,0.83,2018
278,4,27,8,2670,14,11.52,0.41,81,28,2.88,1.0,2018
279,4,36,2,3285,13,15.91,0.46,111,33,3.21,0.95,2018
280,3,31,1,2962,10,9.04,0.29,95,40,3.05,1.28,2018
281,3,24,3,2175,9,12.59,0.55,88,38,3.84,1.66,2018
282,3,25,6,2487,8,5.76,0.22,66,18,2.52,0.69,2018
283,3,11,15,1367,9,7.63,0.53,41,19,2.85,1.32,2018
284,3,30,3,2808,12,10.94,0.37,64,29,2.17,0.98,2018
285,3,19,7,3236,10,13.28,0.39,67,27,1.97,0.79,2018
286,3,34,1,3192,10,11.09,0.33,77,37,2.29,1.1,2018
287,3,30,5,2850,8,8.1,0.27,52,23,1.73,0.77,2018
288,3,23,5,2188,7,7.37,0.32,43,18,1.87,0.78,2018
289,3,11,1,1081,9,6.14,0.54,42,20,3.69,1.76,2018
290,3,26,8,2575,11,10.03,0.37,80,33,2.95,1.22,2018
291,3,32,0,4177,11,11.43,0.26,51,21,1.16,0.48,2018
292,3,19,0,1689,9,9.07,0.51,56,18,3.15,1.01,2018
293,3,26,9,3931,11,8.69,0.21,79,33,1.91,0.8,2018
294,3,29,6,2636,8,7.49,0.27,58,20,2.09,0.72,2018
295,3,35,0,3231,13,16.67,0.49,92,41,2.71,1.21,2018
296,3,18,3,1623,8,7.0,0.41,52,17,3.04,1.0,2018
297,3,27,6,2595,9,4.37,0.16,46,15,1.68,0.55,2018
298,3,21,11,2153,10,10.2,0.45,66,29,2.91,1.28,2018
299,3,34,1,3140,18,19.17,0.58,94,40,2.84,1.21,2018
300,8,35,1,3277,17,12.07,0.35,113,50,3.28,1.45,2019
301,8,32,0,3050,28,25.04,0.78,128,52,3.99,1.62,2019
302,8,31,0,2998,31,22.72,0.72,159,67,5.04,2.12,2019
303,8,24,8,2169,15,14.61,0.64,79,33,3.46,1.45,2019
304,8,26,4,2464,12,8.82,0.34,64,25,2.47,0.96,2019
305,8,25,1,2420,15,12.23,0.48,81,37,3.18,1.45,2019
306,8,29,0,2740,14,17.59,0.61,94,44,3.26,1.53,2019
307,8,29,3,2734,13,11.22,0.39,63,25,2.19,0.87,2019
308,8,28,0,2657,13,15.1,0.54,62,26,2.22,0.93,2019
309,8,18,5,1742,15,11.37,0.62,56,26,3.05,1.42,2019
310,8,28,4,2717,13,14.01,0.49,92,29,3.22,1.01,2019
311,8,16,3,1555,11,8.18,0.5,69,30,4.22,1.83,2019
312,8,32,2,3104,14,9.8,0.3,84,38,2.57,1.16,2019
313,8,31,1,2905,12,9.48,0.31,65,28,2.13,0.92,2019
314,8,28,2,2521,13,9.55,0.36,48,24,1.81,0.9,2019
315,8,24,2,2346,15,15.31,0.62,96,37,3.89,1.5,2019
316,8,18,5,1834,12,8.69,0.45,51,25,2.64,1.29,2019
317,8,33,0,3128,36,25.35,0.77,167,75,5.07,2.28,2019
318,8,25,6,2118,12,14.05,0.63,48,22,2.15,0.99,2019
319,8,25,5,2398,12,7.07,0.28,96,34,3.8,1.35,2019
320,0,22,6,2126,16,14.32,0.64,79,42,3.53,1.88,2019
321,0,36,1,3207,21,21.61,0.64,124,59,3.67,1.75,2019
322,0,31,5,2990,11,13.22,0.42,87,30,2.76,0.95,2019
323,0,21,13,2428,10,10.48,0.41,47,19,1.84,0.74,2019
324,0,33,2,2923,13,12.31,0.4,56,22,1.82,0.72,2019
325,0,36,1,3247,10,8.89,0.26,62,22,1.81,0.64,2019
326,0,24,13,2171,11,13.03,0.57,59,19,2.58,0.83,2019
327,0,33,2,2831,18,16.09,0.54,89,34,2.99,1.14,2019
328,0,29,5,2673,11,11.25,0.4,48,18,1.71,0.64,2019
329,0,21,15,2222,10,9.12,0.39,52,18,2.22,0.77,2019
330,0,33,2,3034,15,12.77,0.4,81,33,2.54,1.03,2019
331,0,25,9,2248,12,17.27,0.73,69,30,2.92,1.27,2019
332,0,9,23,1611,10,8.14,0.48,53,23,3.13,1.36,2019
333,0,32,1,3067,25,21.63,0.67,159,68,4.93,2.11,2019
334,0,35,0,3100,11,11.09,0.34,39,17,1.2,0.52,2019
335,0,31,2,2929,14,13.26,0.43,84,36,2.72,1.17,2019
336,0,29,6,2513,11,8.73,0.33,49,24,1.85,0.91,2019
337,0,26,10,2436,11,11.54,0.45,57,24,2.22,0.94,2019
338,0,33,1,2923,11,12.0,0.39,58,23,1.89,0.75,2019
339,0,37,0,3474,14,15.72,0.43,84,39,2.3,1.07,2019
340,7,7,0,631,9,2.99,0.45,21,13,3.16,1.96,2019
341,7,20,10,1867,10,9.43,0.48,55,21,2.8,1.07,2019
342,7,4,0,396,2,0.96,0.23,5,2,1.2,0.48,2019
343,7,27,2,2451,17,14.96,0.58,89,38,3.45,1.47,2019
344,7,28,3,2732,11,8.05,0.28,39,17,1.36,0.59,2019
345,7,8,0,780,2,1.31,0.16,7,2,0.85,0.24,2019
346,7,27,1,2495,8,7.35,0.28,56,19,2.13,0.72,2019
347,7,7,1,575,2,1.03,0.17,10,3,1.65,0.5,2019
348,7,7,0,624,4,3.42,0.52,15,9,2.28,1.37,2019
349,7,27,2,2471,12,7.28,0.28,58,33,2.23,1.27,2019
350,7,7,1,605,4,3.57,0.56,15,6,2.36,0.94,2019
351,7,6,1,591,3,2.18,0.35,16,5,2.57,0.8,2019
352,7,8,0,645,2,1.7,0.25,7,2,1.03,0.29,2019
353,7,26,4,2537,18,16.82,0.63,74,30,2.77,1.12,2019
354,7,19,13,1928,18,12.38,0.61,66,27,3.25,1.33,2019
355,7,7,1,642,4,2.09,0.31,17,8,2.52,1.18,2019
356,7,23,6,2054,11,7.57,0.35,72,24,3.33,1.11,2019
357,7,27,7,2570,13,11.09,0.41,53,23,1.96,0.85,2019
358,7,8,0,736,3,2.17,0.28,26,11,3.36,1.42,2019
359,7,3,0,280,2,2.36,0.8,9,5,3.05,1.7,2019
360,7,29,0,2633,12,9.15,0.33,69,36,2.49,1.3,2019
361,7,2,5,337,6,3.33,0.94,12,7,3.38,1.97,2019
362,7,7,0,644,2,2.51,0.37,25,9,3.69,1.33,2019
363,7,14,7,1416,8,3.58,0.24,34,14,2.28,0.94,2019
364,7,17,0,1656,8,5.58,0.32,60,23,3.44,1.32,2019
365,7,6,0,530,3,1.12,0.2,12,3,2.15,0.54,2019
366,7,27,5,2312,10,10.46,0.43,74,29,3.04,1.19,2019
367,7,33,1,2981,18,15.69,0.5,83,39,2.65,1.24,2019
368,7,28,4,2399,8,4.55,0.18,46,19,1.82,0.75,2019
369,7,29,3,2747,10,10.12,0.35,66,31,2.28,1.07,2019
370,7,18,9,1732,9,6.56,0.36,48,22,2.63,1.21,2019
371,7,7,1,646,6,3.06,0.45,17,8,2.5,1.18,2019
372,7,8,0,714,6,3.31,0.44,24,12,3.19,1.6,2019
373,7,8,0,622,2,1.05,0.16,11,7,1.68,1.07,2019
374,7,17,10,1749,8,4.6,0.25,47,19,2.55,1.03,2019
375,7,3,4,356,2,3.41,0.91,14,7,3.74,1.87,2019
376,7,31,2,2750,12,8.97,0.31,93,37,3.21,1.28,2019
377,7,6,1,509,2,1.77,0.33,13,3,2.43,0.56,2019
378,7,6,2,567,3,1.55,0.26,10,5,1.68,0.84,2019
379,7,18,6,1684,8,5.5,0.31,42,16,2.37,0.9,2019
380,1,19,7,1870,11,9.45,0.48,68,29,3.45,1.47,2019
381,1,33,3,3156,23,18.94,0.57,99,47,2.98,1.41,2019
382,1,33,3,3125,21,13.82,0.42,73,35,2.22,1.06,2019
383,1,31,4,3075,16,19.74,0.61,122,46,3.77,1.42,2019
384,1,33,3,3263,12,13.74,0.4,110,33,3.2,0.96,2019
385,1,33,0,3127,31,27.32,0.83,208,79,6.32,2.4,2019
386,1,29,2,2654,14,10.9,0.39,120,46,4.3,1.65,2019
387,1,35,1,3394,18,13.93,0.39,87,37,2.44,1.04,2019
388,1,21,5,1786,15,9.78,0.52,81,36,4.31,1.91,2019
389,1,17,9,1637,12,6.38,0.37,46,20,2.67,1.16,2019
390,1,34,3,3115,12,11.8,0.36,87,30,2.65,0.91,2019
391,1,36,1,3371,36,26.61,0.75,142,71,4.0,2.0,2019
392,1,28,5,2627,14,15.21,0.55,84,31,3.04,1.12,2019
393,1,25,3,2143,18,15.11,0.67,89,37,3.95,1.64,2019
394,1,29,6,2581,14,14.4,0.53,125,44,4.6,1.62,2019
395,1,10,23,1370,18,12.4,0.86,77,41,5.34,2.84,2019
396,1,26,2,2413,11,13.72,0.54,102,35,4.02,1.38,2019
397,1,20,5,1906,11,9.43,0.47,61,24,3.04,1.2,2019
398,1,15,11,1514,11,6.85,0.43,42,20,2.64,1.25,2019
399,1,34,2,3214,16,16.58,0.49,104,41,3.07,1.21,2019
400,2,25,7,2387,17,9.8,0.39,52,28,2.07,1.11,2019
401,2,33,1,2744,28,20.8,0.72,123,63,4.26,2.18,2019
402,2,30,2,2893,16,18.27,0.6,85,38,2.79,1.25,2019
403,2,14,5,1502,12,9.33,0.59,43,23,2.72,1.45,2019
404,2,18,1,1561,11,8.54,0.52,47,24,2.86,1.46,2019
405,2,29,1,2586,12,9.53,0.35,59,26,2.17,0.96,2019
406,2,28,3,2296,10,10.15,0.42,56,36,2.32,1.49,2019
407,2,27,5,2592,15,10.91,0.4,73,27,2.68,0.99,2019
408,2,31,0,2783,34,31.05,1.06,138,67,4.71,2.29,2019
409,2,16,9,1694,12,10.7,0.6,55,21,3.08,1.18,2019
410,2,31,2,2846,13,13.18,0.44,78,40,2.6,1.34,2019
411,2,11,4,1116,12,7.64,0.65,34,19,2.89,1.62,2019
412,2,23,6,2108,13,8.88,0.4,61,25,2.75,1.13,2019
413,2,24,3,2159,10,11.59,0.51,78,32,3.43,1.41,2019
414,2,24,10,2595,11,8.47,0.31,55,19,2.01,0.7,2019
415,2,14,11,1518,9,7.19,0.45,33,15,2.07,0.94,2019
416,2,31,1,2718,13,12.02,0.42,71,28,2.48,0.98,2019
417,2,26,5,2216,12,13.3,0.57,95,40,4.07,1.71,2019
418,2,31,2,2813,12,13.62,0.46,65,37,2.2,1.25,2019
419,2,25,2,2252,10,11.62,0.49,77,35,3.25,1.48,2019
420,5,15,0,1396,12,15.87,1.08,71,36,4.83,2.45,2019
421,5,22,0,2057,9,5.85,0.27,63,26,2.91,1.2,2019
422,5,14,6,1353,12,12.11,0.85,36,20,2.53,1.4,2019
423,5,12,1,1077,9,4.53,0.4,48,21,4.23,1.85,2019
424,5,22,1,1994,11,7.77,0.37,42,25,2.0,1.19,2019
425,5,24,2,2276,10,8.15,0.34,66,30,2.75,1.25,2019
426,5,24,1,2168,7,5.25,0.23,50,18,2.19,0.79,2019
427,5,26,0,2409,9,10.9,0.43,84,29,3.31,1.14,2019
428,5,25,1,2214,11,8.86,0.38,61,27,2.62,1.16,2019
429,5,25,1,2321,18,12.95,0.53,64,36,2.62,1.47,2019
430,5,24,2,2163,8,6.6,0.29,50,22,2.2,0.97,2019
431,5,14,4,1378,9,8.7,0.6,53,20,3.65,1.38,2019
432,5,13,10,1325,8,7.25,0.52,28,15,2.01,1.08,2019
433,5,23,3,2173,10,9.38,0.41,78,37,3.41,1.62,2019
434,5,23,0,2030,9,8.55,0.4,45,19,2.11,0.89,2019
435,5,23,3,2106,8,9.98,0.45,74,24,3.34,1.08,2019
436,5,24,3,2358,16,11.42,0.46,56,26,2.26,1.05,2019
437,5,26,0,2344,12,9.13,0.37,83,34,3.36,1.38,2019
438,5,17,3,1611,18,17.98,1.06,87,49,5.13,2.89,2019
439,5,25,2,2434,13,14.86,0.58,86,35,3.36,1.37,2019
440,4,30,6,2849,13,16.19,0.54,85,38,2.83,1.27,2019
441,4,37,1,3445,17,18.49,0.51,118,43,3.25,1.19,2019
442,4,32,3,2984,13,7.22,0.23,99,31,3.15,0.99,2019
443,4,34,1,3271,23,19.28,0.56,89,42,2.58,1.22,2019
444,4,30,3,2836,20,20.3,0.68,99,38,3.32,1.27,2019
445,4,31,4,2933,18,14.51,0.47,77,36,2.49,1.17,2019
446,4,29,3,2616,14,17.07,0.62,65,29,2.36,1.05,2019
447,4,31,1,2788,17,11.74,0.4,80,39,2.73,1.33,2019
448,4,21,12,2130,11,7.62,0.34,74,31,3.3,1.38,2019
449,4,28,2,2663,11,9.25,0.33,81,38,2.89,1.36,2019
450,4,31,0,2826,17,19.93,0.67,95,44,3.19,1.48,2019
451,4,33,1,3045,19,20.51,0.64,132,59,4.12,1.84,2019
452,4,21,13,2209,14,20.69,0.89,101,46,4.34,1.98,2019
453,4,32,6,3009,22,16.79,0.53,93,37,2.94,1.17,2019
454,4,35,1,3392,22,16.07,0.45,93,42,2.6,1.18,2019
455,4,29,0,2801,18,12.97,0.44,81,37,2.75,1.25,2019
456,4,36,0,3289,13,10.73,0.31,90,32,2.6,0.92,2019
457,4,33,3,3087,11,11.37,0.35,80,35,2.46,1.08,2019
458,4,25,9,2380,15,19.29,0.77,88,35,3.51,1.4,2019
459,4,18,6,1566,16,15.5,0.94,76,27,4.61,1.64,2019
460,3,34,2,3313,9,9.42,0.27,95,38,2.72,1.09,2019
461,3,31,3,2901,12,14.35,0.47,80,32,2.62,1.05,2019
462,3,23,1,2193,10,10.85,0.47,81,33,3.51,1.43,2019
463,3,14,18,1836,8,8.7,0.45,46,16,2.38,0.83,2019
464,3,33,1,3149,10,4.97,0.15,58,22,1.75,0.66,2019
465,3,22,1,1929,12,9.34,0.46,47,19,2.31,0.94,2019
466,3,18,11,1917,8,6.66,0.33,73,26,3.62,1.29,2019
467,3,23,7,2498,11,9.2,0.35,83,32,3.16,1.22,2019
468,3,27,5,2524,14,15.94,0.6,80,31,3.01,1.17,2019
469,3,35,0,3180,10,9.37,0.28,80,32,2.39,0.96,2019
470,3,27,7,2648,12,11.99,0.43,85,29,3.05,1.04,2019
471,3,33,0,3233,14,13.27,0.39,116,39,3.41,1.15,2019
472,3,32,0,3049,7,5.78,0.18,64,19,1.99,0.59,2019
473,3,29,0,2716,25,24.59,0.86,117,62,4.09,2.17,2019
474,3,28,3,2650,13,13.67,0.49,66,29,2.37,1.04,2019
475,3,29,4,2822,21,21.09,0.71,98,46,3.3,1.55,2019
476,3,19,10,2062,9,9.33,0.43,51,17,2.35,0.78,2019
477,3,31,1,2883,9,8.8,0.29,68,26,2.24,0.86,2019
478,3,34,3,3181,14,14.06,0.42,77,36,2.3,1.08,2019
479,3,19,4,1661,9,8.22,0.47,48,14,2.75,0.8,2019
480,6,8,1,575,4,1.63,0.27,20,8,3.3,1.32,2019
481,6,4,6,574,4,2.9,0.48,22,10,3.64,1.66,2019
482,6,9,1,719,7,4.24,0.56,20,13,2.64,1.72,2019
483,6,6,4,569,5,2.52,0.42,12,6,2.0,1.0,2019
484,6,10,0,896,9,8.77,0.93,39,21,4.14,2.23,2019
485,6,8,0,723,5,2.89,0.38,15,7,1.97,0.92,2019
486,6,10,0,775,5,2.94,0.36,28,9,3.43,1.1,2019
487,6,10,0,827,9,7.05,0.81,31,16,3.56,1.84,2019
488,6,10,0,768,6,4.37,0.54,20,11,2.47,1.36,2019
489,6,7,3,725,6,6.11,0.8,32,17,4.19,2.23,2019
490,6,3,7,524,4,2.87,0.52,17,7,3.08,1.27,2019
491,6,6,0,490,5,4.02,0.78,13,8,2.52,1.55,2019
492,6,8,0,680,4,2.65,0.37,40,9,5.59,1.26,2019
493,6,10,0,824,4,1.39,0.16,21,12,2.42,1.38,2019
494,6,10,0,927,4,2.83,0.29,26,15,2.66,1.54,2019
495,6,10,0,916,8,4.44,0.46,32,14,3.32,1.45,2019
496,6,10,0,834,4,1.93,0.22,24,13,2.73,1.48,2019
497,6,10,0,853,7,4.49,0.5,21,9,2.34,1.0,2019
498,6,6,4,506,7,4.21,0.79,18,8,3.38,1.5,2019
499,6,10,0,911,9,7.19,0.75,35,14,3.65,1.46,2019
500,8,24,0,2247,9,8.28,0.35,57,25,2.41,1.06,2020
501,8,16,3,1430,11,6.32,0.42,43,20,2.86,1.33,2020
502,8,20,1,1872,8,6.11,0.31,48,19,2.44,0.96,2020
503,8,15,4,1190,8,5.89,0.47,33,15,2.63,1.2,2020
504,8,19,0,1816,14,11.85,0.62,71,34,3.71,1.78,2020
505,8,21,0,2014,8,6.36,0.3,43,19,2.03,0.9,2020
506,8,18,0,1626,14,8.56,0.5,58,24,3.39,1.4,2020
507,8,17,2,1482,8,3.74,0.24,33,13,2.12,0.83,2020
508,8,22,1,2034,14,11.99,0.56,50,25,2.34,1.17,2020
509,8,22,0,2106,10,5.99,0.27,63,25,2.84,1.13,2020
510,8,19,5,1726,10,6.0,0.33,38,20,2.09,1.1,2020
511,8,18,2,1676,9,5.82,0.33,54,23,3.06,1.3,2020
512,8,19,4,1927,11,8.32,0.41,43,19,2.12,0.94,2020
513,8,24,0,2216,8,8.63,0.37,56,27,2.4,1.16,2020
514,8,17,4,1701,8,6.8,0.38,81,28,4.52,1.56,2020
515,8,22,1,2063,13,9.99,0.46,62,28,2.86,1.29,2020
516,8,11,5,1195,9,7.3,0.58,37,19,2.94,1.51,2020
517,8,11,8,1189,8,3.63,0.29,33,15,2.64,1.2,2020
518,8,19,4,1864,8,5.3,0.27,44,17,2.24,0.87,2020
519,8,14,9,1509,8,7.31,0.46,35,20,2.2,1.26,2020
520,0,5,4,465,4,3.33,0.68,14,4,2.86,0.82,2020
521,0,6,5,691,4,1.53,0.21,6,4,0.82,0.55,2020
522,0,8,0,741,4,4.91,0.63,27,12,3.46,1.54,2020
523,0,6,1,599,4,3.34,0.53,8,5,1.27,0.79,2020
524,0,7,4,629,4,1.92,0.29,22,8,3.32,1.21,2020
525,0,9,2,736,7,6.82,0.88,31,16,4.0,2.07,2020
526,0,6,1,589,3,2.85,0.46,5,4,0.81,0.65,2020
527,0,7,2,637,3,4.36,0.65,13,6,1.94,0.89,2020
528,0,8,1,824,4,5.46,0.63,39,19,4.5,2.19,2020
529,0,6,3,641,5,3.85,0.57,21,6,3.11,0.89,2020
530,0,5,1,387,5,3.3,0.81,22,8,5.4,1.96,2020
531,0,9,0,693,5,5.11,0.7,16,8,2.19,1.1,2020
532,0,10,0,758,4,2.71,0.34,17,8,2.13,1.0,2020
533,0,6,2,566,3,1.13,0.19,9,5,1.51,0.84,2020
534,0,8,1,634,3,3.67,0.55,18,8,2.7,1.2,2020
535,0,11,0,1056,5,4.89,0.44,21,12,1.89,1.08,2020
536,0,9,1,790,3,2.83,0.34,19,8,2.28,0.96,2020
537,0,3,6,501,4,2.06,0.39,14,7,2.65,1.33,2020
538,0,6,1,451,4,1.8,0.38,14,7,2.95,1.47,2020
539,0,9,0,822,6,6.4,0.74,29,11,3.35,1.27,2020
540,1,9,0,849,5,2.41,0.27,18,7,2.01,0.78,2020
541,1,6,0,567,5,3.52,0.59,18,9,3.02,1.51,2020
542,1,9,0,831,6,3.41,0.39,21,10,2.4,1.14,2020
543,1,9,0,643,4,2.23,0.33,28,11,4.14,1.63,2020
544,1,8,0,754,7,3.49,0.44,24,11,3.02,1.39,2020
545,1,9,0,755,4,1.43,0.18,11,7,1.38,0.88,2020
546,1,8,0,664,5,3.29,0.47,15,5,2.15,0.72,2020
547,1,8,0,766,4,2.02,0.25,21,11,2.6,1.36,2020
548,1,9,0,825,5,5.82,0.67,30,14,3.45,1.61,2020
549,1,9,0,769,4,3.48,0.43,18,7,2.22,0.86,2020
550,1,8,0,669,4,1.97,0.28,13,5,1.85,0.71,2020
551,1,7,2,656,5,2.35,0.34,29,11,4.2,1.59,2020
552,1,3,4,264,4,2.78,1.0,20,7,7.2,2.52,2020
553,1,5,1,397,8,5.31,1.27,26,13,6.22,3.11,2020
554,1,6,2,580,7,7.27,1.19,22,10,3.6,1.64,2020
555,1,9,0,616,4,2.46,0.38,24,11,3.7,1.7,2020
556,1,6,1,571,5,3.73,0.62,22,8,3.66,1.33,2020
557,1,8,1,694,5,4.46,0.61,23,9,3.15,1.23,2020
558,1,6,0,557,10,7.92,1.35,35,16,5.97,2.73,2020
559,1,9,0,568,4,2.93,0.49,18,11,3.01,1.84,2020
560,2,6,1,561,7,3.07,0.52,20,11,3.39,1.86,2020
561,2,8,1,732,3,3.24,0.42,14,8,1.82,1.04,2020
562,2,7,1,626,4,1.58,0.24,18,9,2.73,1.37,2020
563,2,8,1,778,6,5.57,0.68,25,14,3.05,1.71,2020
564,2,9,0,834,4,2.28,0.26,19,8,2.16,0.91,2020
565,2,8,0,709,3,1.87,0.25,6,3,0.8,0.4,2020
566,2,9,0,822,4,3.2,0.37,13,5,1.5,0.58,2020
567,2,7,2,669,6,4.44,0.63,13,10,1.85,1.42,2020
568,2,9,0,802,7,7.43,0.88,37,16,4.38,1.9,2020
569,2,7,2,547,3,1.44,0.25,12,6,2.08,1.04,2020
570,2,9,0,723,7,6.01,0.79,23,12,3.02,1.58,2020
571,2,5,0,481,7,4.61,0.91,23,14,4.54,2.77,2020
572,2,4,1,293,4,3.02,0.98,13,7,4.22,2.27,2020
573,2,7,2,567,4,3.52,0.59,19,9,3.18,1.51,2020
574,2,9,0,841,3,0.8,0.09,11,5,1.24,0.56,2020
575,2,7,1,683,10,6.76,0.94,30,14,4.17,1.95,2020
576,2,5,2,493,3,2.23,0.43,18,5,3.47,0.96,2020
577,2,6,3,608,4,2.11,0.33,15,7,2.34,1.09,2020
578,2,9,0,857,6,3.43,0.38,26,15,2.88,1.66,2020
579,2,7,1,672,12,7.78,1.1,35,17,4.95,2.4,2020
580,5,11,1,990,4,1.88,0.18,19,7,1.82,0.67,2020
581,5,8,2,644,5,3.53,0.52,30,14,4.43,2.07,2020
582,5,9,1,822,5,5.88,0.68,27,12,3.12,1.39,2020
583,5,9,1,709,5,3.43,0.46,12,11,1.61,1.47,2020
584,5,11,0,902,6,4.18,0.44,31,14,3.26,1.47,2020
585,5,10,1,903,6,4.56,0.48,28,17,2.95,1.79,2020
586,5,6,0,482,6,3.45,0.68,21,9,4.14,1.77,2020
587,5,9,1,772,8,5.28,0.65,25,12,3.08,1.48,2020
588,5,6,0,454,4,3.2,0.67,14,5,2.93,1.05,2020
589,5,6,3,452,4,3.33,0.7,14,7,2.94,1.47,2020
590,5,6,5,627,5,2.71,0.41,21,8,3.18,1.21,2020
591,5,10,1,879,6,5.74,0.62,30,8,3.24,0.86,2020
592,5,10,0,835,4,2.99,0.34,21,8,2.39,0.91,2020
593,5,9,2,903,4,3.33,0.35,26,10,2.74,1.05,2020
594,5,11,1,1061,4,1.68,0.15,25,9,2.24,0.81,2020
595,5,11,0,1008,4,3.61,0.34,17,8,1.6,0.75,2020
596,5,7,1,610,9,6.81,1.06,33,20,5.14,3.11,2020
597,5,8,0,669,4,4.01,0.57,30,10,4.26,1.42,2020
598,5,9,3,903,5,4.75,0.5,30,10,3.16,1.05,2020
599,5,10,1,786,5,4.14,0.5,18,6,2.18,0.73,2020
600,4,10,0,960,4,0.71,0.07,10,7,0.99,0.69,2020
601,4,9,0,809,7,5.45,0.64,30,14,3.52,1.64,2020
602,4,10,0,940,10,7.12,0.72,32,18,3.23,1.82,2020
603,4,10,0,876,4,3.69,0.4,23,10,2.49,1.08,2020
604,4,9,0,835,7,6.5,0.74,18,8,2.05,0.91,2020
605,4,5,3,530,5,2.51,0.45,20,11,3.58,1.97,2020
606,4,8,0,779,5,4.35,0.53,18,7,2.2,0.85,2020
607,4,9,0,872,5,2.85,0.31,26,9,2.83,0.98,2020
608,4,10,0,872,4,3.3,0.36,26,10,2.83,1.09,2020
609,4,10,0,845,4,2.94,0.33,22,5,2.47,0.56,2020
610,4,10,0,898,7,7.28,0.77,40,17,4.23,1.8,2020
611,4,9,0,831,8,6.12,0.7,35,15,4.0,1.71,2020
612,4,8,1,780,8,8.7,1.06,21,15,2.56,1.83,2020
613,4,10,0,956,7,6.64,0.66,39,15,3.88,1.49,2020
614,4,7,0,662,5,2.58,0.37,15,9,2.15,1.29,2020
615,4,9,0,786,4,6.54,0.79,25,11,3.02,1.33,2020
616,4,9,0,872,6,6.43,0.7,22,9,2.4,0.98,2020
617,4,8,1,785,4,4.88,0.59,27,13,3.27,1.57,2020
618,4,7,0,612,4,1.93,0.3,21,10,3.26,1.55,2020
619,4,10,0,861,9,3.9,0.43,20,12,2.21,1.32,2020
620,3,16,3,1588,11,6.02,0.36,37,17,2.21,1.02,2020
621,3,16,1,1348,7,5.25,0.37,51,24,3.59,1.69,2020
622,3,17,2,1662,13,7.52,0.43,58,26,3.32,1.49,2020
623,3,10,4,914,6,3.37,0.35,27,11,2.81,1.14,2020
624,3,14,3,1235,7,6.24,0.48,21,13,1.62,1.0,2020
625,3,17,3,1336,5,6.75,0.48,41,13,2.92,0.92,2020
626,3,19,0,1733,10,10.03,0.55,37,22,2.03,1.21,2020
627,3,15,3,1397,7,5.44,0.37,32,13,2.18,0.88,2020
628,3,9,6,1063,6,7.5,0.67,36,14,3.22,1.25,2020
629,3,17,3,1709,6,5.94,0.33,32,14,1.78,0.78,2020
630,3,18,0,1434,7,4.38,0.29,35,13,2.32,0.86,2020
631,3,15,1,1412,5,8.92,0.6,45,18,3.03,1.21,2020
632,3,16,5,1605,15,12.5,0.74,53,27,3.14,1.6,2020
633,3,19,3,1829,10,11.36,0.59,72,31,3.74,1.61,2020
634,3,10,2,861,5,6.07,0.67,24,11,2.65,1.21,2020
635,3,13,8,1208,6,5.34,0.42,24,12,1.89,0.94,2020
636,3,19,1,1657,10,4.19,0.24,53,19,3.04,1.09,2020
637,3,22,0,1937,6,8.56,0.42,53,17,2.6,0.83,2020
638,3,12,6,1207,10,10.42,0.82,46,25,3.62,1.97,2020
639,3,17,1,1639,7,7.59,0.44,46,21,2.67,1.22,2020
640,6,22,1,2023,8,4.9,0.23,44,16,2.07,0.75,2020
641,6,25,0,2336,11,9.34,0.38,35,18,1.42,0.73,2020
642,6,21,0,1933,7,9.16,0.45,58,23,2.85,1.13,2020
643,6,25,0,2256,14,8.31,0.35,92,39,3.87,1.64,2020
644,6,24,1,2157,12,9.08,0.4,55,28,2.42,1.23,2020
645,6,25,0,2047,13,7.11,0.33,67,34,3.11,1.58,2020
646,6,25,0,2287,11,11.31,0.47,63,26,2.62,1.08,2020
647,6,24,0,2226,15,13.36,0.57,89,44,3.8,1.88,2020
648,6,24,1,2147,9,6.55,0.29,60,25,2.65,1.11,2020
649,6,24,0,2099,14,13.26,0.6,60,30,2.72,1.36,2020
650,6,6,12,938,9,6.91,0.7,32,17,3.24,1.72,2020
651,6,25,0,2265,11,12.64,0.53,70,31,2.94,1.3,2020
652,6,26,0,2383,9,8.28,0.33,51,23,2.03,0.92,2020
653,6,14,0,1245,11,8.91,0.68,59,32,4.5,2.44,2020
654,6,23,2,2194,11,6.0,0.26,38,17,1.65,0.74,2020
655,6,24,0,2155,10,7.49,0.33,50,18,2.2,0.79,2020
656,6,18,2,1573,12,9.77,0.59,56,30,3.38,1.81,2020
657,6,25,0,2363,7,5.72,0.23,45,14,1.81,0.56,2020
658,6,26,0,2461,15,14.51,0.56,84,43,3.24,1.66,2020
659,6,14,11,1557,7,4.43,0.27,38,15,2.32,0.92,2020
660,4,26,9,2580,12,14.162272210530245,0.5210459129238042,65,29,2.39044741140806,1.0956711171120905,2018
661,4,36,1,3285,13,14.784794831604378,0.4274168387530225,106,32,3.0774951442622918,0.9434833677506045,2018
662,4,27,3,2444,12,13.820039592023027,0.5416091687692287,82,29,3.2245114609615357,1.1430603148653822,2017
663,4,35,1,3280,16,17.026036451049574,0.4931168086364858,103,35,3.0013641055901394,1.0394153833185116,2018
664,4,35,1,3402,22,16.453250554997727,0.45921275372590686,96,44,2.679229682042799,1.2315914208650782,2018
665,4,29,1,2635,28,18.837391572524236,0.6789130524174746,109,57,3.9310147311326533,2.0711595752362246,2016
666,4,6,0,606,4,1.965905244672121,0.30928583913934166,20,10,3.2798097901639287,1.5760003495901567,2020
667,4,22,12,2217,13,17.68349672220107,0.7598049879700663,92,40,3.9694449657609576,1.7276219766804362,2018
668,4,10,0,871,4,3.3059312939476344,0.36069198429389066,25,10,2.8238709962541115,1.0922736626799265,2020
669,4,32,4,3111,15,10.176201371349407,0.31062144596035,84,39,2.5923851428266946,1.2066477117885335,2018
670,4,21,12,2212,13,19.28972356502069,0.8293617799642538,97,43,4.167414296821337,1.862455142699938,2018
671,4,28,4,2553,14,8.520289880527374,0.3171239946901055,55,25,2.058231904421899,0.9323746648967018,2016
672,4,10,0,892,6,6.303566996660687,0.6693648436669789,35,15,3.756742778325793,1.6041694255141212,2020
673,4,9,0,877,5,3.8098994306352996,0.4096735300433945,29,10,3.1333542218712007,1.1576789013817033,2020
674,4,26,10,2569,12,13.32981645904124,0.49286337072793684,66,30,2.4486773023749264,1.1307594377775423,2018
675,4,27,7,2564,13,10.183096277710442,0.3771078384433292,56,26,2.105226022602026,0.9971078384433293,2016
676,4,9,0,859,8,4.093172322217043,0.45303208457203203,19,11,2.198112472478951,1.2895382107273126,2020
677,4,22,11,2170,13,7.345097407876095,0.32167316052507294,79,32,3.4832683947492704,1.434980518424781,2016
678,4,11,17,1316,12,7.087167329274122,0.5095760028930946,39,20,2.8687392844311557,1.4541350921583818,2016
679,4,35,1,3399,22,17.408100903333096,0.4862465255981877,106,48,2.965485799781726,1.3521709965913915,2018
680,5,7,1,614,8,6.357363095017944,0.9854805095456373,32,19,5.042020669958152,2.966480981347153,2020
681,5,20,5,1950,11,7.596517368883057,0.37,53,25,2.6203318324787666,1.2162852471389307,2018
682,5,25,0,2419,10,12.55121011082192,0.4925458375311333,84,31,3.3308486125103776,1.2359036175477378,2019
683,5,9,2,903,4,3.6315692860217843,0.3818559104952589,26,10,2.829196549386725,1.05,2020
684,5,9,1,888,5,4.770103429750919,0.5113393883953312,28,8,3.0387766451765392,0.9364648748329151,2020
685,5,7,0,610,8,6.799507599153456,1.058163829851855,32,19,5.1367023883053715,3.1036670866319076,2020
686,5,7,1,630,6,4.810185560479684,0.7307622569082407,31,16,4.707113337786761,2.475912494786241,2020
687,5,26,0,2409,9,10.883608468432854,0.4292873247144719,84,29,3.327816882138203,1.141425350571056,2018
688,5,25,0,2319,11,8.777362929780388,0.3592049876463384,76,32,3.1405014154755473,1.333221613134133,2019
689,5,9,1,879,5,5.7130904843321835,0.6167382405251131,30,8,3.2378254936834088,0.8651644525019042,2020
690,5,11,0,1024,4,3.0051373671671655,0.2804539377003946,19,8,1.8005762098513025,0.7688040196735596,2020
691,5,24,4,2483,31,29.84998905897674,1.1406311052100433,121,67,4.655885013682232,2.564787601267306,2018
692,5,31,4,2722,10,8.255158610779601,0.2879031344583955,81,25,2.8448784461080376,0.8952013312467194,2018
693,5,36,1,3468,20,18.305099998461085,0.4969721211748142,113,54,3.0854809523076705,1.4885999133146544,2018
694,5,29,7,2702,10,8.800688611489523,0.3093635518929972,81,31,2.855963366057591,1.091926732115182,2018
695,5,21,3,1969,11,7.67372444100438,0.37,48,25,2.344258059438883,1.2045872059084273,2018
696,5,20,6,1943,11,7.567372871467739,0.37,55,25,2.724545489903239,1.2207010800806457,2018
697,5,10,0,973,4,3.5192085790640095,0.343242550747714,19,8,1.9696507852393899,0.8472765224314184,2020
698,5,36,0,3411,11,14.23647787103548,0.396253121521034,119,40,3.338101588592245,1.1393921683656867,2018
699,5,9,1,777,6,4.8209595610289515,0.5895999422406515,22,9,2.717599653443909,1.1779997112032574,2020
700,5,14,5,1394,10,6.569629759221465,0.4493955410512841,33,16,2.2474877255547714,1.1506044589487159,2018
701,5,10,0,800,4,3.8089621538410525,0.45394256053440735,18,6,2.2404503892985903,0.7818146193987917,2020
702,5,9,1,903,5,4.609236654706009,0.4851828057585272,28,15,3.004419460464536,1.5982361869344932,2020
703,5,35,2,3192,13,7.5514311503765565,0.22456342474562704,68,28,2.041641250803847,0.8362747090252372,2018
704,5,16,2,1435,12,6.320301176966522,0.41770053611932784,36,18,2.400264568735073,1.1977005361193278,2018
705,5,15,0,1474,13,13.763862489643827,0.8920677298451416,59,28,3.8903386492257077,1.8797227664266365,2018
706,5,22,0,2028,9,6.732699078449346,0.31597391033590344,53,25,2.491637415943279,1.1954026089664096,2019
707,5,35,1,3117,11,8.49300863922495,0.258702057516665,85,27,2.5998818915083066,0.8203244856208337,2018
708,5,27,2,2414,12,10.500388469602115,0.4130810443674548,94,29,3.7144876246089007,1.1719892846446174,2018
709,5,6,0,477,5,3.4133009185209304,0.6785320367408373,19,8,3.9623764456413015,1.6643066453402788,2020
710,5,24,1,2243,10,8.524754177696668,0.3611129114195306,63,28,2.6813830378865258,1.202495949306056,2019
711,5,6,0,457,4,3.2351365457632753,0.6714054618305311,14,5,3.1000608814942514,1.1511932517982324,2020
712,5,31,1,2972,12,11.486942775252295,0.3677673894145835,98,36,3.152157814370417,1.1788743451804167,2018
713,5,11,0,1052,4,1.9915463642707807,0.18067036746707169,23,8,2.1366892885319695,0.8003146207998721,2020
714,5,25,2,2382,14,11.015786254410894,0.43937684971484153,72,27,2.8993176588399123,1.103620190741412,2018
715,5,15,3,1433,11,6.221473958618928,0.41238249089147255,36,18,2.395925070695632,1.1923824908914724,2018
716,5,7,2,639,5,3.2965648882770755,0.48868553379326624,27,12,4.074153793105298,1.825177809656445,2020
717,5,10,0,877,5,5.623513082489444,0.6081395138534705,29,8,3.2039949527694644,0.8621179439547374,2020
718,5,24,1,2163,7,6.597358346798098,0.28988259319102655,50,21,2.1999804321985046,0.9696477795730797,2019
719,5,25,2,2374,14,11.150753565059935,0.44626293699285385,67,27,2.685848953221531,1.08571636381858,2018
720,6,23,1,2184,11,6.798152086813191,0.2962796403096905,42,19,1.8495380217032977,0.8669787410839167,2020
721,6,14,0,1253,10,8.782224107122442,0.6683062240893307,58,31,4.437823337840832,2.3966474649165432,2020
722,6,24,0,2255,14,8.41233607211212,0.3544582051217161,91,39,3.8685814801885448,1.6448634964964175,2020
723,6,24,0,2082,11,6.91290369409214,0.3159216924351529,64,30,2.948099463004258,1.4145798861130465,2020
724,6,17,5,1760,7,6.985434041111766,0.3672469613953738,48,19,2.6063382752197115,1.0334547882946028,2020
725,6,3,6,572,4,2.8990265431374986,0.481297942483335,21,9,3.621828805233309,1.647345060787483,2019
726,6,9,0,722,6,4.248010715355383,0.5587675822530181,20,12,2.629524449150654,1.6978164805543254,2019
727,6,4,5,574,4,2.7135686660863247,0.4491727715575813,21,9,3.590089249188465,1.6100892491884649,2019
728,6,8,0,720,6,3.6025607604091574,0.4750081013878877,17,10,2.3236412662771375,1.3422582283906117,2019
729,6,23,1,2162,11,8.647117756196451,0.38032353437256594,52,26,2.3117794390491126,1.1611323703039809,2020
730,6,10,0,901,8,7.567672038348537,0.7994932697514578,37,19,3.9123074068004153,2.013414362566249,2019
731,6,25,0,2367,9,8.769111649606458,0.35259921813363176,52,23,2.125239562134591,0.9458276778670077,2020
732,6,10,0,913,8,6.055726734316284,0.6303857283460809,33,14,3.513887208117954,1.4558753699429683,2019
733,6,10,0,774,5,2.957931378814767,0.3622570966340266,27,9,3.417962151285191,1.103260250693594,2019
734,6,7,2,739,5,5.207574019315036,0.6747421351730649,30,14,3.9736455062080216,1.9083150289671895,2019
735,6,24,1,2147,9,6.657167964109712,0.29465947670042225,59,25,2.640257457808208,1.11508306549137,2020
736,6,10,0,916,7,4.436849583959214,0.4596673473745753,31,14,3.318708525101292,1.45017611021346,2019
737,6,6,2,560,4,1.9706791625772246,0.33868531503573085,19,7,3.239556922768557,1.3062629369928538,2019
738,6,24,0,2048,13,7.322014726942937,0.33930796362188503,66,33,3.096555163657277,1.5724157333451307,2020
739,6,10,0,837,4,2.4370911528457158,0.2754630948425002,23,12,2.6527478321836604,1.3849204088414282,2019
740,6,3,6,531,4,2.6800928221541893,0.4817122625310866,17,7,3.1136932089726437,1.2776575474937828,2019
741,6,4,5,573,4,2.899491528629548,0.4799197150467707,21,9,3.6378055446117337,1.659116865514478,2019
742,6,25,0,2282,11,11.554217213184891,0.4810173178880402,64,26,2.6787590287362146,1.1203968322561475,2020
743,6,18,1,1594,11,9.535829150506403,0.5726896291955452,55,29,3.317009484017123,1.75903057485355,2020
744,6,24,0,2270,12,11.856715277290432,0.4966690379166064,69,30,2.934694647415956,1.2933523033328513,2020
745,6,17,1,1557,11,9.730586210011603,0.594124698952274,56,30,3.431329586961633,1.8388728926659188,2020
746,6,23,1,2185,11,6.691965526853945,0.29145297849336116,41,19,1.8229913817134862,0.850085424726764,2020
747,6,6,10,932,9,7.1422075803419975,0.7287138405799244,32,17,3.352358506617096,1.7836698204163541,2019
748,6,22,0,2006,10,10.980133516583027,0.516590250606696,58,26,2.792288449474197,1.2321050509302673,2020
749,6,25,0,2354,10,8.919579409526932,0.3601688400720251,41,19,1.661940151121294,0.8053584077263047,2020
750,6,4,5,557,4,3.2182934461820247,0.5553213498598684,21,9,3.5768272549562394,1.621124464588455,2019
751,6,5,4,571,4,2.706054486751066,0.44937702422385256,16,7,2.80297199545197,1.323147266462378,2019
752,6,25,0,2264,11,12.445439116360362,0.5219120186939643,70,31,2.981787903414518,1.315277298022512,2020
753,6,24,0,2263,12,12.090132698871814,0.5080552536035031,72,32,3.069051992521337,1.384442028828025,2020
754,6,22,0,2026,8,5.263910100002225,0.24646652036209166,47,18,2.241251811765753,0.8866721190053606,2020
755,6,23,1,2205,11,6.41677197582551,0.27623786918800686,47,20,2.0505341066375027,0.9023786918800686,2020
756,6,14,0,1267,10,8.590130551284512,0.6507262334880916,57,30,4.344349241473267,2.331472865614388,2020
757,6,6,3,517,6,3.7738087077501112,0.7020854759806426,18,8,3.3664746886124064,1.4695680493779149,2019
758,6,10,0,921,5,3.5991751992647827,0.37121725706522546,28,14,2.9753140568414636,1.4970026286125278,2019
759,6,9,0,753,5,3.884431765470082,0.48750613680757643,18,9,2.3059566775236764,1.2156418762208352,2019
760,6,6,4,506,6,4.200049994667952,0.7878215964657648,17,7,3.3718751435750143,1.4970562114402226,2019
761,6,10,0,824,8,6.842729005998451,0.7873060955472757,30,15,3.5534439831581017,1.8026811348999645,2019
762,6,26,0,2437,13,12.606784964060875,0.48973684458009653,73,36,2.8703547040952904,1.4339359347359626,2020
763,6,24,0,2238,13,13.124466701299244,0.5569148167388469,82,39,3.518668559885209,1.6902648427132805,2020
764,6,24,1,2152,10,7.830403472993607,0.3456697162171134,57,26,2.5335996842733084,1.1707305995095783,2020
765,6,8,0,691,4,3.0989175163898093,0.42364423151827907,34,10,4.7571027211635615,1.3898755078863598,2019
766,6,25,0,2291,11,11.385095663922453,0.47295889381465694,56,26,2.3619834573218568,1.0832437964956962,2020
767,6,24,0,2043,12,7.176427831340835,0.3338884584199513,66,33,3.101575006756772,1.5654182809251826,2020
768,6,26,0,2410,11,10.439545972059072,0.4097264163039466,62,29,2.4494302770772842,1.1765110785431323,2020
769,6,6,4,549,5,3.046833674941219,0.5353422838628703,13,6,2.430195545218273,1.155867951166041,2019
770,6,24,0,2227,14,13.336667854665945,0.5687037697036637,88,43,3.77213104862877,1.8612046607031236,2020
771,6,24,0,2120,13,11.679056388067904,0.5243567649793255,58,29,2.6065351474689886,1.3108318972365616,2020
772,6,23,0,2033,10,5.879088137446492,0.27430263065368743,54,23,2.530747358798349,1.1177118344256056,2020
773,6,25,0,2380,8,7.942921972301999,0.3168328895430469,50,21,2.001032356994703,0.8725984023549687,2020
774,6,24,0,2155,10,7.897396655037381,0.34793570179409855,51,20,2.2563693484957383,0.9027386969914766,2020
775,6,8,0,683,4,2.666929099035759,0.37070537912648993,38,8,5.334652756210639,1.2360171096993418,2019
776,6,10,0,833,4,1.8774501376307382,0.21416112640341536,23,12,2.699832486417646,1.4702685440056922,2019
777,6,25,0,2260,12,10.39914314479368,0.4368465972431553,81,35,3.4212925809103645,1.4759564274295955,2020
778,6,24,0,2140,12,10.286750133508814,0.4577392408377423,56,28,2.5066088612566135,1.2675305065445326,2020
779,6,10,0,824,4,1.4702158539450831,0.1692120680325626,21,12,2.436156550087879,1.3865193096845827,2019
780,7,17,7,1724,8,4.853957482167833,0.2681398201548453,50,20,2.7806348562544607,1.1051506834986446,2019
781,7,18,8,1730,8,6.529767311060221,0.35857392976699154,47,21,2.622584434788356,1.2011583645553476,2019
782,7,31,1,2754,12,9.106177901899693,0.31385026805966393,92,37,3.198651841508359,1.279189417250597,2019
783,7,6,0,545,2,1.088323807979094,0.18944126932636468,11,3,1.974021155439411,0.5259216924351529,2019
784,7,17,8,1719,8,5.013765193023131,0.27758434620154204,44,17,2.467246961395374,0.9702339165633256,2019
785,7,19,9,1862,9,9.33687262682071,0.4761061725499948,54,21,2.794483744445826,1.0745427986916727,2019
786,7,3,0,388,2,1.0462692422887347,0.26512390578898487,5,2,1.313998641595828,0.5551774825658974,2019
787,7,19,10,1875,11,9.863049161453025,0.49908352236911635,56,21,2.8660583466623257,1.1081670447382328,2019
788,7,8,0,756,2,1.7639275955199076,0.22333873425859177,17,6,2.174835191575544,0.8628308868761523,2019
789,7,17,1,1669,8,5.442264740607961,0.31016176718628297,58,22,3.3149138970827408,1.2792416069146009,2019
790,7,7,0,644,2,1.8082928187168754,0.2666604336487501,9,3,1.4437341022772934,0.5371297657897927,2019
791,7,7,0,702,5,3.1808616106649614,0.42870039093318413,24,11,3.270711493334399,1.5564157935994245,2019
792,7,7,1,644,5,2.6599108844679256,0.3922551792015563,17,8,2.5082492601140634,1.18,2019
793,7,27,1,2494,8,7.349122240197878,0.28,56,19,2.131253942574459,0.7268966841595258,2019
794,7,27,1,2463,14,12.793608292425056,0.49459691034527153,79,32,3.0742264055191946,1.2564922758631787,2019
795,7,17,8,1728,8,6.518488298487147,0.3583056448362101,48,22,2.6643106920667456,1.2146594767004222,2019
796,7,19,10,1867,10,9.435772501441193,0.48025438141944243,55,21,2.8008805510673005,1.070508762838885,2019
797,7,7,0,634,7,2.858124195131397,0.42802069918856617,22,11,3.3056128678757495,1.7869130061099583,2019
798,7,6,0,531,3,1.1348237939163355,0.2020684363604189,11,3,2.133797248510052,0.5503421818020945,2019
799,7,26,4,2543,17,15.68498738054455,0.5864218540523213,69,28,2.60955318991991,1.0665177299733035,2019
800,7,7,0,642,3,2.5835124559403138,0.3822520759900523,24,9,3.6088299965659036,1.426485098421662,2019
801,7,27,1,2494,8,7.360182808234578,0.2804014247661463,56,19,2.1317662689710435,0.7210035619153657,2019
802,7,27,4,2327,9,9.374794188028043,0.38409450879983253,68,27,2.815981202943183,1.1092063354877053,2019
803,7,30,2,2741,12,9.0719388502929,0.31480843633457073,91,36,3.1498945458178653,1.2593237237613457,2019
804,7,27,3,2360,9,9.630592920793541,0.38999644312509035,69,26,2.7973117549588817,1.0646555217919498,2019
805,7,7,0,641,3,2.0423368121070546,0.3031255017462098,16,7,2.481502809778775,1.1749587012805538,2019
806,7,17,7,1728,8,4.820170849453528,0.2657264892466806,49,19,2.7499510775649387,1.0951525983076766,2019
807,7,18,9,1748,9,6.918298793323405,0.37498113421561274,48,21,2.651223273472118,1.192522010081785,2019
808,7,7,0,638,5,2.7230888019414277,0.40551480032357123,23,10,3.4547144478563405,1.6096790525481235,2019
809,7,7,0,672,6,3.1591557996398745,0.44603376801440503,19,9,2.773670007006054,1.3465817433949894,2019
810,7,19,9,1822,9,8.475119661453926,0.4386947436252334,51,19,2.695521998581473,1.0286947436252336,2019
811,7,18,10,1806,8,6.964850450020131,0.3626119261914348,50,19,2.6724042675993855,1.0495846828159017,2019
812,7,16,0,1645,8,5.490133541044047,0.31640534164176193,58,22,3.3878774538055474,1.302925372798369,2019
813,7,30,0,2765,14,11.638813585669105,0.3946939311259553,74,37,2.550888405765605,1.2771668478378981,2019
814,7,28,1,2622,12,9.469450495024578,0.34317321628967334,66,33,2.4027274420809146,1.2259006583705876,2019
815,7,16,9,1688,8,4.415970815869255,0.24819579231244368,44,18,2.501286392435979,1.013762130811993,2019
816,7,7,0,622,2,1.188514895202689,0.18070583484988648,11,7,1.785671157164938,1.1335454931599964,2019
817,7,7,0,623,3,1.377988801149141,0.2090292537800262,12,8,1.9302182606704787,1.2204690891869772,2019
818,7,7,0,643,2,2.309345600191796,0.34133508574168514,21,8,3.13103417196286,1.258337714354213,2019
819,7,7,0,689,4,2.4858483713328674,0.3548548729637323,13,6,1.9586570358281317,0.8715985537445115,2019
820,7,7,0,735,3,2.1752399436364036,0.28100088811032436,25,10,3.354936683677183,1.4185869814913068,2019
821,7,27,6,2566,12,10.90138843854847,0.4034439831581018,53,22,1.9685732527932513,0.8434439831581019,2019
822,7,6,1,569,2,1.3911441703550007,0.23250572179221168,10,4,1.6708352405974038,0.7361327267705774,2019
823,7,7,0,645,3,2.144896230879204,0.31542591630576533,10,3,1.510880484847375,0.5811453275606556,2019
824,7,27,2,2425,12,9.818379507455912,0.3824353316985941,67,28,2.6449239766717714,1.1143835970574694,2019
825,7,7,0,644,2,1.8101118436427832,0.2669402836373513,9,3,1.450683710327557,0.541280873954044,2019
826,7,4,2,443,3,2.3632275043275683,0.5619671651537286,12,4,2.7912603391738395,1.096186398142225,2019
827,7,7,0,645,5,3.0421778989085566,0.44740769438669914,17,8,2.53856054599785,1.184860573024939,2019
828,7,6,1,572,2,1.2102510281654444,0.2011972933363269,10,3,1.6603990977787755,0.6178564414927905,2019
829,7,26,2,2477,17,15.539828778337673,0.5955867951166041,84,35,3.2380195864141843,1.3608924341837714,2019
830,7,32,1,2973,17,15.50949993123517,0.4951391363887389,82,38,2.638009869758889,1.2344910212405709,2019
831,7,18,6,1787,9,7.973867725852017,0.41948541198346045,56,21,3.042058352066158,1.164554043775843,2019
832,7,28,3,2605,12,10.009471034681535,0.36544210452294995,61,30,2.255196057535457,1.1006381620584067,2019
833,7,8,0,716,5,3.159894940790734,0.418932623268875,24,11,3.21238408777682,1.5762992011774843,2019
834,7,2,4,351,3,3.389502055092459,0.9176867293403279,13,7,3.6477592479160648,1.8956224311344265,2019
835,7,8,0,654,2,1.672490214066892,0.24365158786159047,7,2,1.017303175723181,0.28647310436755025,2019
836,7,22,6,2041,11,8.0380830333262,0.37530178558520005,71,24,3.3222148352045537,1.1314092031874772,2019
837,7,15,3,1531,8,4.544962191590614,0.27859848766362455,46,18,2.839678071122556,1.1233428164022168,2019
838,7,17,2,1716,8,6.691480386126539,0.36619139267019385,58,22,3.2552344293192244,1.2478259489528223,2019
839,7,6,1,590,2,2.1637017257885436,0.34744896577559803,15,4,2.5569613806308342,0.7957482762926635,2019
840,8,19,0,1857,9,7.597465252697311,0.3903334892571718,53,22,2.769108165666478,1.1724950360996158,2020
841,8,15,3,1553,10,8.155186377945652,0.49885914381359325,68,29,4.162386762586459,1.8137427993437036,2019
842,8,14,8,1508,8,7.237655489615788,0.4555417948782839,34,19,2.1983788345011943,1.2512862354439185,2020
843,8,20,1,1983,9,7.049837070677508,0.33871534580332957,43,19,2.061676192020906,0.9140783075648471,2020
844,8,15,5,1466,9,6.7751417123254445,0.43838956413436136,39,20,2.556572191783037,1.2978182627648676,2020
845,8,32,0,3052,28,25.050059054245846,0.7796755143791663,129,52,4.025044447050047,1.6414160509750284,2019
846,8,31,0,2992,29,21.904139451497965,0.6947354361868705,153,64,4.86068321781413,2.046054935181085,2019
847,8,31,0,3042,28,24.69943252387423,0.7711922204450232,132,54,4.144136142212094,1.6933981629581398,2019
848,8,25,3,2408,13,9.506434426880555,0.3744354429023471,88,35,3.507250127002724,1.3972177214511736,2019
849,8,19,0,1823,13,11.043264909275203,0.5764306832535389,67,31,3.5315063475225625,1.6647521298964576,2020
850,8,24,0,2274,10,10.232047475845215,0.42497195141937527,67,28,2.820957363335835,1.1821765134241673,2019
851,8,18,4,1911,11,8.379726505067456,0.4164569194667519,44,19,2.203939953067775,0.9964980453340794,2019
852,8,24,3,2376,13,10.468695166994117,0.42023742193907765,96,35,3.837121670513285,1.4118694508554754,2019
853,8,28,0,2739,13,17.54510885583436,0.6084952689106489,93,43,3.259498422970216,1.523479498612812,2019
854,8,28,0,2680,13,15.808845644134246,0.5599273875861033,71,31,2.5160640441363924,1.100806179309457,2019
855,8,19,3,1861,8,5.5774506580706,0.28482560768316184,45,17,2.3022675522692797,0.9085465799762207,2020
856,8,26,3,2464,12,8.821428449509177,0.34003913560299115,63,24,2.4687085251012926,0.9598825931910265,2019
857,8,34,0,3214,20,15.633394144053714,0.468138741861457,117,50,3.475066294701475,1.496706014224297,2019
858,8,21,0,2015,8,6.485140399805344,0.3055158302944504,43,19,2.0586133696524613,0.9134448363427229,2020
859,8,32,0,3065,29,25.10140556928991,0.7780191751841965,135,56,4.203929080106787,1.750734437843036,2019
860,8,32,0,3084,26,23.05363218011277,0.7141450915534691,125,51,3.881262825588286,1.593964338521139,2019
861,8,24,6,2118,12,14.050749326230141,0.6300133808255383,48,22,2.1517528881455057,0.9906155179747577,2019
862,8,18,0,1635,13,8.056875816446166,0.4687842659838861,57,23,3.329404751615779,1.381637803519933,2020
863,8,11,4,1208,8,7.128819666489281,0.5636513164624594,36,18,2.90057082205652,1.4773026329249188,2020
864,8,18,1,1652,12,7.877272629334876,0.4546626355417691,52,22,3.0433025070841166,1.3199928862501806,2020
865,8,22,0,2111,9,6.110991169266708,0.2745829988358601,62,25,2.8198348051222153,1.131374899650758,2020
866,8,19,0,1859,9,7.399572118227807,0.3796458809495854,53,22,2.7253234477612045,1.144224588318258,2020
867,8,19,4,1737,10,6.730330293011122,0.3662044076877309,42,21,2.292245311910772,1.1848930938884723,2020
868,8,19,2,1896,9,7.091096358938656,0.35439350040446405,45,19,2.297940798705715,0.9511212999191071,2020
869,8,19,4,1888,9,6.497802059649685,0.32552724779832976,43,17,2.1924052161728604,0.8977636238991649,2020
870,8,31,0,3014,24,21.25935418122725,0.6658031147285866,112,46,3.5380719008407895,1.4499195325744907,2019
871,8,32,1,3077,20,17.26176415285855,0.5350161937908204,105,44,3.2652562399645104,1.3852238523828697,2019
872,8,11,7,1189,8,3.7315490986202264,0.29808798130603575,33,15,2.6395506677052203,1.2,2020
873,8,17,0,1571,11,6.72573677631115,0.4010563406308919,48,19,2.9066982792355103,1.1830850544600322,2020
874,8,24,0,2241,8,8.33763282126732,0.3532933040724183,56,25,2.408353347963791,1.0764665203620916,2020
875,8,16,2,1429,8,4.127904652824609,0.2814967768137953,33,13,2.212014592065372,0.8967556844395838,2020
876,8,24,0,2212,8,9.056968594490764,0.3892778462395495,57,27,2.475683396347861,1.1807058348498864,2019
877,8,31,0,3045,28,20.919442921526624,0.6574454348323803,151,64,4.742443149472944,2.006725517128905,2019
878,8,24,1,2384,15,13.701465598593497,0.546884799936068,88,37,3.5192014853900595,1.4738874285485957,2019
879,8,24,1,2370,15,14.299493133545846,0.5740678697066294,91,37,3.6570584820836203,1.4835956677523676,2019
880,8,24,6,2118,12,14.053297043186951,0.6300588757711956,48,22,2.1577127260266167,0.9927082854749952,2019
881,8,30,0,2896,12,9.888994589136876,0.32512926963514954,66,28,2.18698691562573,0.9507628482581374,2019
882,8,19,3,1866,8,5.547448503870095,0.28221967920346147,45,17,2.3010983960173075,0.8974942782077883,2020
883,8,18,4,1709,9,5.941116675324811,0.33,43,20,2.4073156940829614,1.1654259163057654,2020
884,8,21,0,2023,10,9.140722706342288,0.42841703439591383,46,21,2.1831126179335896,1.033356151103449,2020
885,8,32,1,3088,17,14.102832043887226,0.4355222690988103,96,41,2.97092004608398,1.2898755078863597,2019
886,8,17,1,1551,12,7.70818614763221,0.46957807670115037,52,22,3.188454758145121,1.3733808171135065,2020
887,8,18,4,1835,11,8.606398143971047,0.4454634651767235,50,24,2.633519235966748,1.279306739345134,2019
888,8,19,2,1869,8,5.8292243599730575,0.29613453629496583,46,18,2.3706726814748293,0.928802706663673,2020
889,8,24,5,2193,13,12.63671173823792,0.5495965883236962,72,30,3.132677302551314,1.328422998090488,2019
890,8,16,2,1480,8,3.8236068541136907,0.2458330363335133,33,13,2.1439802604822216,0.8462028787042036,2020
891,8,18,3,1769,14,11.551543764049619,0.62,61,29,3.2996226755682256,1.556157823037214,2019
892,8,24,0,2233,8,8.435059207287907,0.3588605261307375,56,25,2.4055697369346314,1.1043026306536874,2020
893,8,19,3,1919,10,8.029006858901337,0.39683288954304685,43,19,2.1621347534622504,0.9426334220913906,2020
894,8,22,1,2055,13,10.50244862268853,0.4856224311344265,58,27,2.7267633581009822,1.2592530826386883,2020
895,8,27,1,2513,13,9.739041605899306,0.3684645495178794,50,24,1.906636940329123,0.9387958519569471,2019
896,8,18,4,1832,12,8.997514009420124,0.46654347519032313,52,25,2.7441265791390927,1.3376841343721078,2019
897,8,13,5,1189,8,4.799592723502606,0.38315340275684473,33,15,2.6348248109579533,1.2,2020
898,8,18,1,1794,14,11.711425821989417,0.62,66,31,3.5194605052354504,1.6760693664920638,2019
899,8,29,0,2739,13,17.499721733280886,0.6068820692812865,93,43,3.2448355187771663,1.5206462078438596,2019
